{
  "project_info": {
    "project_number": "881207669335",
    "firebase_url": "https://chat-c3dc5.firebaseio.com",
    "project_id": "chat-c3dc5",
    "storage_bucket": "chat-c3dc5.appspot.com"
  },
  "client": [
    {
      "client_info": {
        "mobilesdk_app_id": "1:881207669335:android:29e23689580c3b26",
        "android_client_info": {
          "package_name": "com.example.gullu.chat"
        }
      },
      "oauth_client": [
        {
          "client_id": "881207669335-dch50diojbp2nsc3dq0gs3pp4bn2thsm.apps.googleusercontent.com",
          "client_type": 1,
          "android_info": {
            "package_name": "com.example.gullu.chat",
            "certificate_hash": "9a2f89f609f3d4f10e059b17a16cdb711be0d985"
          }
        },
        {
          "client_id": "881207669335-bf20peak3jp2b4h90iv1vfs08mprm8ul.apps.googleusercontent.com",
          "client_type": 3
        }
      ],
      "api_key": [
        {
          "current_key": "AIzaSyC0KeCBP71EDRJ8oC2v8G8ibYJyjCDaS2U"
        }
      ],
      "services": {
        "analytics_service": {
          "status": 1
        },
        "appinvite_service": {
          "status": 2,
          "other_platform_oauth_client": [
            {
              "client_id": "881207669335-bf20peak3jp2b4h90iv1vfs08mprm8ul.apps.googleusercontent.com",
              "client_type": 3
            }
          ]
        },
        "ads_service": {
          "status": 2
        }
      }
    }
  ],
  "configuration_version": "1"
}